GEO.id,GEO.id2,GEO.display-label,GC.target-geo-id,GC.target-geo-id2,GC.display-label,GC.display-label,rescen42010,resbase42010,respop72010,respop72011,respop72012,respop72013,respop72014,respop72015,respop72016,respop72017
Id,Id2,Geography,Target Geo Id,Target Geo Id2,Geography,Geography,"April 1, 2010 - Census","April 1, 2010 - Estimates Base",Population Estimate (as of July 1) - 2010,Population Estimate (as of July 1) - 2011,Population Estimate (as of July 1) - 2012,Population Estimate (as of July 1) - 2013,Population Estimate (as of July 1) - 2014,Population Estimate (as of July 1) - 2015,Population Estimate (as of July 1) - 2016,Population Estimate (as of July 1) - 2017
0100000US,,United States,0100000US,,United States,United States,308745538,308758105,309338421,311644280,313993272,316234505,318622525,321039839,323405935,325719178
0100000US,,United States,01000C0US,,United States - In metropolitan statistical area,In metropolitan statistical area,262512712,262525657,263093682,265426994,267838295,270139257,272573557,275038310,277418733,279698020
0100000US,,United States,310M300US10180,10180,"United States - In metropolitan statistical area - Abilene, TX Metro Area","Abilene, TX Metro Area",165252,165248,165583,166633,167452,167426,168143,169478,169733,170219
0100000US,,United States,310M300US10420,10420,"United States - In metropolitan statistical area - Akron, OH Metro Area","Akron, OH Metro Area",703200,703203,703037,703152,702066,703085,704311,703530,702556,703505
0100000US,,United States,310M300US10500,10500,"United States - In metropolitan statistical area - Albany, GA Metro Area","Albany, GA Metro Area",157308,157500,157596,157875,157369,156025,155293,153686,152440,151434
0100000US,,United States,310M300US10540,10540,"United States - In metropolitan statistical area - Albany, OR Metro Area","Albany, OR Metro Area",116672,116672,116878,118112,118242,118388,119025,120210,122700,125047
0100000US,,United States,310M300US10580,10580,"United States - In metropolitan statistical area - Albany-Schenectady-Troy, NY Metro Area","Albany-Schenectady-Troy, NY Metro Area",870716,870720,871159,873206,875586,878628,880140,881551,882801,886188
0100000US,,United States,310M300US10740,10740,"United States - In metropolitan statistical area - Albuquerque, NM Metro Area","Albuquerque, NM Metro Area",887077,887061,889570,896838,900368,902083,902069,903489,906877,910726
0100000US,,United States,310M300US10780,10780,"United States - In metropolitan statistical area - Alexandria, LA Metro Area","Alexandria, LA Metro Area",153922,153922,154107,154374,154436,154639,154633,154272,154394,153984
0100000US,,United States,310M300US10900,10900,"United States - In metropolitan statistical area - Allentown-Bethlehem-Easton, PA-NJ Metro Area","Allentown-Bethlehem-Easton, PA-NJ Metro Area",821173,821272,821963,824980,826634,826533,829625,832011,835233,840550
0100000US,,United States,310M300US11020,11020,"United States - In metropolitan statistical area - Altoona, PA Metro Area","Altoona, PA Metro Area",127089,127076,127030,126989,126593,125977,125502,124818,123927,123457
0100000US,,United States,310M300US11100,11100,"United States - In metropolitan statistical area - Amarillo, TX Metro Area","Amarillo, TX Metro Area",251933,251933,252674,255992,257777,258847,260662,261508,263036,264925
0100000US,,United States,310M300US11180,11180,"United States - In metropolitan statistical area - Ames, IA Metro Area","Ames, IA Metro Area",89542,89542,89627,90797,91730,93462,95310,96348,96816,97502
0100000US,,United States,310M300US11260,11260,"United States - In metropolitan statistical area - Anchorage, AK Metro Area","Anchorage, AK Metro Area",380821,380821,383108,388012,392201,396934,398400,399082,401499,400888
0100000US,,United States,310M300US11460,11460,"United States - In metropolitan statistical area - Ann Arbor, MI Metro Area","Ann Arbor, MI Metro Area",344791,345066,345515,349102,351333,354714,358635,361815,364752,367627
0100000US,,United States,310M300US11500,11500,"United States - In metropolitan statistical area - Anniston-Oxford-Jacksonville, AL Metro Area","Anniston-Oxford-Jacksonville, AL Metro Area",118572,118586,118466,117785,117219,116482,115941,115505,114980,114728
0100000US,,United States,310M300US11540,11540,"United States - In metropolitan statistical area - Appleton, WI Metro Area","Appleton, WI Metro Area",225666,225666,225940,227552,228676,229973,231595,233131,234302,236126
0100000US,,United States,310M300US11700,11700,"United States - In metropolitan statistical area - Asheville, NC Metro Area","Asheville, NC Metro Area",424858,424856,425340,428230,431145,436077,440039,444952,450914,456145
0100000US,,United States,310M300US12020,12020,"United States - In metropolitan statistical area - Athens-Clarke County, GA Metro Area","Athens-Clarke County, GA Metro Area",192541,192564,193446,194508,196169,197731,198650,202824,205421,209271
0100000US,,United States,310M300US12060,12060,"United States - In metropolitan statistical area - Atlanta-Sandy Springs-Roswell, GA Metro Area","Atlanta-Sandy Springs-Roswell, GA Metro Area",5286728,5286743,5303327,5373016,5451561,5517034,5605117,5702331,5795723,5884736
0100000US,,United States,310M300US12100,12100,"United States - In metropolitan statistical area - Atlantic City-Hammonton, NJ Metro Area","Atlantic City-Hammonton, NJ Metro Area",274549,274540,274761,275107,275732,275954,274842,273088,270830,269918
0100000US,,United States,310M300US12220,12220,"United States - In metropolitan statistical area - Auburn-Opelika, AL Metro Area","Auburn-Opelika, AL Metro Area",140247,140296,140806,144117,148318,151445,154211,156740,158983,161604
0100000US,,United States,310M300US12260,12260,"United States - In metropolitan statistical area - Augusta-Richmond County, GA-SC Metro Area","Augusta-Richmond County, GA-SC Metro Area",564873,564873,566492,570777,576149,579670,583198,589688,594889,600151
0100000US,,United States,310M300US12420,12420,"United States - In metropolitan statistical area - Austin-Round Rock, TX Metro Area","Austin-Round Rock, TX Metro Area",1716289,1716320,1727495,1780610,1834566,1883528,1942255,2000784,2060558,2115827
0100000US,,United States,310M300US12540,12540,"United States - In metropolitan statistical area - Bakersfield, CA Metro Area","Bakersfield, CA Metro Area",839631,839621,841116,848767,855237,864014,871895,879607,885086,893119
0100000US,,United States,310M300US12580,12580,"United States - In metropolitan statistical area - Baltimore-Columbia-Towson, MD Metro Area","Baltimore-Columbia-Towson, MD Metro Area",2710489,2710603,2715503,2734969,2756285,2771586,2784424,2795036,2801028,2808175
0100000US,,United States,310M300US12620,12620,"United States - In metropolitan statistical area - Bangor, ME Metro Area","Bangor, ME Metro Area",153923,153920,153841,153713,153372,153075,152941,151934,151515,151957
0100000US,,United States,310M300US12700,12700,"United States - In metropolitan statistical area - Barnstable Town, MA Metro Area","Barnstable Town, MA Metro Area",215888,215868,215877,215340,214787,214566,214279,213773,213440,213444
0100000US,,United States,310M300US12940,12940,"United States - In metropolitan statistical area - Baton Rouge, LA Metro Area","Baton Rouge, LA Metro Area",802484,802500,804359,808105,813476,819304,824923,829719,835596,834159
0100000US,,United States,310M300US12980,12980,"United States - In metropolitan statistical area - Battle Creek, MI Metro Area","Battle Creek, MI Metro Area",136146,136148,135941,135039,134605,134572,134602,134154,134178,134128
0100000US,,United States,310M300US13020,13020,"United States - In metropolitan statistical area - Bay City, MI Metro Area","Bay City, MI Metro Area",107771,107771,107676,107382,106930,106761,106025,105244,104481,104239
0100000US,,United States,310M300US13140,13140,"United States - In metropolitan statistical area - Beaumont-Port Arthur, TX Metro Area","Beaumont-Port Arthur, TX Metro Area",403190,403194,403697,405356,403895,405471,405754,408744,410909,412437
0100000US,,United States,310M300US13220,13220,"United States - In metropolitan statistical area - Beckley, WV Metro Area","Beckley, WV Metro Area",124898,124913,124959,125183,125014,124277,123291,122022,120361,118543
0100000US,,United States,310M300US13380,13380,"United States - In metropolitan statistical area - Bellingham, WA Metro Area","Bellingham, WA Metro Area",201140,201145,201520,203447,204878,206189,208112,211713,216274,221404
0100000US,,United States,310M300US13460,13460,"United States - In metropolitan statistical area - Bend-Redmond, OR Metro Area","Bend-Redmond, OR Metro Area",157733,157733,157740,159605,161343,165270,169497,174288,180675,186875
0100000US,,United States,310M300US13740,13740,"United States - In metropolitan statistical area - Billings, MT Metro Area","Billings, MT Metro Area",158934,158934,159297,160622,162568,164783,166360,167531,168961,170498
0100000US,,United States,310M300US13780,13780,"United States - In metropolitan statistical area - Binghamton, NY Metro Area","Binghamton, NY Metro Area",251725,251737,251519,250321,249064,248323,247469,245615,243608,242217
0100000US,,United States,310M300US13820,13820,"United States - In metropolitan statistical area - Birmingham-Hoover, AL Metro Area","Birmingham-Hoover, AL Metro Area",1128047,1128056,1128791,1130457,1133409,1138173,1141099,1144518,1146888,1149807
0100000US,,United States,310M300US13900,13900,"United States - In metropolitan statistical area - Bismarck, ND Metro Area","Bismarck, ND Metro Area",114778,114778,115253,117318,120233,123885,126704,129583,131397,132142
0100000US,,United States,310M300US13980,13980,"United States - In metropolitan statistical area - Blacksburg-Christiansburg-Radford, VA Metro Area","Blacksburg-Christiansburg-Radford, VA Metro Area",178237,178253,178530,178949,179572,180862,181357,181464,182635,182993
0100000US,,United States,310M300US14010,14010,"United States - In metropolitan statistical area - Bloomington, IL Metro Area","Bloomington, IL Metro Area",186133,186133,186398,187325,189016,191110,189944,188905,188847,188232
0100000US,,United States,310M300US14020,14020,"United States - In metropolitan statistical area - Bloomington, IN Metro Area","Bloomington, IN Metro Area",159549,159541,160086,161603,162653,163039,164434,165056,166614,167825
0100000US,,United States,310M300US14100,14100,"United States - In metropolitan statistical area - Bloomsburg-Berwick, PA Metro Area","Bloomsburg-Berwick, PA Metro Area",85562,85563,85655,85415,85458,85563,85484,84950,84382,84204
0100000US,,United States,310M300US14260,14260,"United States - In metropolitan statistical area - Boise City, ID Metro Area","Boise City, ID Metro Area",616561,616568,617980,627349,637354,649140,662625,674310,690810,709845
0100000US,,United States,310M300US14460,14460,"United States - In metropolitan statistical area - Boston-Cambridge-Newton, MA-NH Metro Area","Boston-Cambridge-Newton, MA-NH Metro Area",4552402,4552596,4565220,4608303,4653023,4699912,4741544,4775755,4805942,4836531
0100000US,,United States,310M300US14500,14500,"United States - In metropolitan statistical area - Boulder, CO Metro Area","Boulder, CO Metro Area",294567,294572,295930,300518,305028,309749,312505,317968,321173,322514
0100000US,,United States,310M300US14540,14540,"United States - In metropolitan statistical area - Bowling Green, KY Metro Area","Bowling Green, KY Metro Area",158599,158599,159309,160913,162296,164246,166221,169108,171839,174835
0100000US,,United States,310M300US14740,14740,"United States - In metropolitan statistical area - Bremerton-Silverdale, WA Metro Area","Bremerton-Silverdale, WA Metro Area",251133,251137,251658,254250,254306,252434,253381,259175,263109,266414
0100000US,,United States,310M300US14860,14860,"United States - In metropolitan statistical area - Bridgeport-Stamford-Norwalk, CT Metro Area","Bridgeport-Stamford-Norwalk, CT Metro Area",916829,916846,919749,929398,936345,942865,946547,948116,949191,949921
0100000US,,United States,310M300US15180,15180,"United States - In metropolitan statistical area - Brownsville-Harlingen, TX Metro Area","Brownsville-Harlingen, TX Metro Area",406220,406219,407590,412917,415370,417095,418838,419579,421766,423725
0100000US,,United States,310M300US15260,15260,"United States - In metropolitan statistical area - Brunswick, GA Metro Area","Brunswick, GA Metro Area",112370,112368,112530,112945,113361,113860,114735,116020,116955,118119
0100000US,,United States,310M300US15380,15380,"United States - In metropolitan statistical area - Buffalo-Cheektowaga-Niagara Falls, NY Metro Area","Buffalo-Cheektowaga-Niagara Falls, NY Metro Area",1135509,1135617,1135710,1136059,1135717,1136993,1137924,1136662,1134914,1136856
0100000US,,United States,310M300US15500,15500,"United States - In metropolitan statistical area - Burlington, NC Metro Area","Burlington, NC Metro Area",151131,151198,151490,152857,153471,154417,155698,157389,159325,162391
0100000US,,United States,310M300US15540,15540,"United States - In metropolitan statistical area - Burlington-South Burlington, VT Metro Area","Burlington-South Burlington, VT Metro Area",211261,211262,211514,212774,213744,214940,216182,216812,217429,218395
0100000US,,United States,310M300US15680,15680,"United States - In metropolitan statistical area - California-Lexington Park, MD Metro Area","California-Lexington Park, MD Metro Area",105151,105148,105764,107585,108831,109275,110016,111100,111835,112667
0100000US,,United States,310M300US15940,15940,"United States - In metropolitan statistical area - Canton-Massillon, OH Metro Area","Canton-Massillon, OH Metro Area",404422,404428,404214,403291,403403,403281,403680,402435,401165,399927
0100000US,,United States,310M300US15980,15980,"United States - In metropolitan statistical area - Cape Coral-Fort Myers, FL Metro Area","Cape Coral-Fort Myers, FL Metro Area",618754,618754,620467,631077,644580,660431,678241,700421,722506,739224
0100000US,,United States,310M300US16020,16020,"United States - In metropolitan statistical area - Cape Girardeau, MO-IL Metro Area","Cape Girardeau, MO-IL Metro Area",96275,96275,96448,96937,97193,97187,97396,97231,97085,96782
0100000US,,United States,310M300US16060,16060,"United States - In metropolitan statistical area - Carbondale-Marion, IL Metro Area","Carbondale-Marion, IL Metro Area",126575,126580,126813,127041,125752,127067,126712,126896,126672,125612
0100000US,,United States,310M300US16180,16180,"United States - In metropolitan statistical area - Carson City, NV Metro Area","Carson City, NV Metro Area",55274,55274,54988,54703,54362,53791,54155,54123,54283,54745
0100000US,,United States,310M300US16220,16220,"United States - In metropolitan statistical area - Casper, WY Metro Area","Casper, WY Metro Area",75450,75450,75456,76421,78583,81101,81439,82134,80892,79547
0100000US,,United States,310M300US16300,16300,"United States - In metropolitan statistical area - Cedar Rapids, IA Metro Area","Cedar Rapids, IA Metro Area",257940,257941,258395,260796,261740,262449,263963,265984,267925,270293
0100000US,,United States,310M300US16540,16540,"United States - In metropolitan statistical area - Chambersburg-Waynesboro, PA Metro Area","Chambersburg-Waynesboro, PA Metro Area",149618,149618,149930,150952,151477,151855,152459,152903,153564,154234
0100000US,,United States,310M300US16580,16580,"United States - In metropolitan statistical area - Champaign-Urbana, IL Metro Area","Champaign-Urbana, IL Metro Area",231891,231889,232333,233391,234478,235731,237028,238228,239135,239124
0100000US,,United States,310M300US16620,16620,"United States - In metropolitan statistical area - Charleston, WV Metro Area","Charleston, WV Metro Area",227078,227061,226901,225823,225696,224644,222802,220236,217735,214406
0100000US,,United States,310M300US16700,16700,"United States - In metropolitan statistical area - Charleston-North Charleston, SC Metro Area","Charleston-North Charleston, SC Metro Area",664607,664644,667466,681261,696993,711407,726770,745061,761904,775831
0100000US,,United States,310M300US16740,16740,"United States - In metropolitan statistical area - Charlotte-Concord-Gastonia, NC-SC Metro Area","Charlotte-Concord-Gastonia, NC-SC Metro Area",2217012,2216992,2223196,2256180,2293822,2334036,2376148,2424115,2475519,2525305
0100000US,,United States,310M300US16820,16820,"United States - In metropolitan statistical area - Charlottesville, VA Metro Area","Charlottesville, VA Metro Area",218705,218707,219025,220947,222649,224057,226297,228818,231160,233793
0100000US,,United States,310M300US16860,16860,"United States - In metropolitan statistical area - Chattanooga, TN-GA Metro Area","Chattanooga, TN-GA Metro Area",528143,528152,529196,533540,538108,542036,544017,547232,551957,556548
0100000US,,United States,310M300US16940,16940,"United States - In metropolitan statistical area - Cheyenne, WY Metro Area","Cheyenne, WY Metro Area",91738,91881,92219,92587,94704,95731,96123,97005,97968,98327
0100000US,,United States,310M300US16980,16980,"United States - In metropolitan statistical area - Chicago-Naperville-Elgin, IL-IN-WI Metro Area","Chicago-Naperville-Elgin, IL-IN-WI Metro Area",9461105,9461541,9471312,9497177,9525765,9548402,9560874,9557503,9546326,9533040
0100000US,,United States,310M300US17020,17020,"United States - In metropolitan statistical area - Chico, CA Metro Area","Chico, CA Metro Area",220000,220002,219957,220003,220969,221768,223629,224818,226525,229294
0100000US,,United States,310M300US17140,17140,"United States - In metropolitan statistical area - Cincinnati, OH-KY-IN Metro Area","Cincinnati, OH-KY-IN Metro Area",2114580,2114686,2117729,2122544,2128106,2136269,2146562,2155674,2166029,2179082
0100000US,,United States,310M300US17300,17300,"United States - In metropolitan statistical area - Clarksville, TN-KY Metro Area","Clarksville, TN-KY Metro Area",260625,260635,261619,264163,274004,272031,276442,279865,280843,285042
0100000US,,United States,310M300US17420,17420,"United States - In metropolitan statistical area - Cleveland, TN Metro Area","Cleveland, TN Metro Area",115788,115758,115913,116583,117674,118383,119501,120565,121177,122317
0100000US,,United States,310M300US17460,17460,"United States - In metropolitan statistical area - Cleveland-Elyria, OH Metro Area","Cleveland-Elyria, OH Metro Area",2077240,2077271,2075557,2068991,2064711,2065844,2066227,2062842,2060065,2058844
0100000US,,United States,310M300US17660,17660,"United States - In metropolitan statistical area - Coeur d'Alene, ID Metro Area","Coeur d'Alene, ID Metro Area",138494,138464,138856,140881,142071,143887,146556,149414,153144,157637
0100000US,,United States,310M300US17780,17780,"United States - In metropolitan statistical area - College Station-Bryan, TX Metro Area","College Station-Bryan, TX Metro Area",228660,228668,229449,231451,234126,237820,242533,250138,254230,258044
0100000US,,United States,310M300US17820,17820,"United States - In metropolitan statistical area - Colorado Springs, CO Metro Area","Colorado Springs, CO Metro Area",645613,645615,650299,659959,668271,677296,685223,695830,710746,723878
0100000US,,United States,310M300US17860,17860,"United States - In metropolitan statistical area - Columbia, MO Metro Area","Columbia, MO Metro Area",162642,162643,163168,166019,168674,170937,172787,174395,176555,178271
0100000US,,United States,310M300US17900,17900,"United States - In metropolitan statistical area - Columbia, SC Metro Area","Columbia, SC Metro Area",767598,767476,769685,776454,783462,791164,799106,809147,817443,825033
0100000US,,United States,310M300US17980,17980,"United States - In metropolitan statistical area - Columbus, GA-AL Metro Area","Columbus, GA-AL Metro Area",294865,295531,296507,302453,310072,315784,313038,310545,306712,303811
0100000US,,United States,310M300US18020,18020,"United States - In metropolitan statistical area - Columbus, IN Metro Area","Columbus, IN Metro Area",76794,76786,76809,77579,78914,79572,80350,81286,81873,82040
0100000US,,United States,310M300US18140,18140,"United States - In metropolitan statistical area - Columbus, OH Metro Area","Columbus, OH Metro Area",1901974,1902001,1906365,1926142,1946644,1971120,1998460,2023198,2046977,2078725
0100000US,,United States,310M300US18580,18580,"United States - In metropolitan statistical area - Corpus Christi, TX Metro Area","Corpus Christi, TX Metro Area",428185,428188,427872,430908,436575,442812,447671,452355,454066,454008
0100000US,,United States,310M300US18700,18700,"United States - In metropolitan statistical area - Corvallis, OR Metro Area","Corvallis, OR Metro Area",85579,85592,85561,85976,86368,85934,86956,88106,89296,90951
0100000US,,United States,310M300US18880,18880,"United States - In metropolitan statistical area - Crestview-Fort Walton Beach-Destin, FL Metro Area","Crestview-Fort Walton Beach-Destin, FL Metro Area",235865,235865,235927,238668,246972,251914,255831,260796,265355,271346
0100000US,,United States,310M300US19060,19060,"United States - In metropolitan statistical area - Cumberland, MD-WV Metro Area","Cumberland, MD-WV Metro Area",103299,103261,103161,102615,101821,101268,100576,99864,99516,98837
0100000US,,United States,310M300US19100,19100,"United States - In metropolitan statistical area - Dallas-Fort Worth-Arlington, TX Metro Area","Dallas-Fort Worth-Arlington, TX Metro Area",6426214,6426231,6451833,6571537,6706020,6817243,6950715,7101031,7253424,7399662
0100000US,,United States,310M300US19140,19140,"United States - In metropolitan statistical area - Dalton, GA Metro Area","Dalton, GA Metro Area",142227,142227,142315,142466,142528,142233,142767,143523,144074,144440
0100000US,,United States,310M300US19180,19180,"United States - In metropolitan statistical area - Danville, IL Metro Area","Danville, IL Metro Area",81625,81625,81639,81399,80823,80578,79800,79187,78560,77909
0100000US,,United States,310M300US19300,19300,"United States - In metropolitan statistical area - Daphne-Fairhope-Foley, AL Metro Area","Daphne-Fairhope-Foley, AL Metro Area",182265,182265,183110,186534,190048,194736,199064,202863,207509,212628
0100000US,,United States,310M300US19340,19340,"United States - In metropolitan statistical area - Davenport-Moline-Rock Island, IA-IL Metro Area","Davenport-Moline-Rock Island, IA-IL Metro Area",379690,379689,379741,380509,382269,383597,383814,383365,382671,382263
0100000US,,United States,310M300US19380,19380,"United States - In metropolitan statistical area - Dayton, OH Metro Area","Dayton, OH Metro Area",799232,799251,799639,800690,801382,800609,800264,799293,800886,803416
0100000US,,United States,310M300US19460,19460,"United States - In metropolitan statistical area - Decatur, AL Metro Area","Decatur, AL Metro Area",153829,153825,153949,154054,153880,153114,152856,152336,152051,151867
0100000US,,United States,310M300US19500,19500,"United States - In metropolitan statistical area - Decatur, IL Metro Area","Decatur, IL Metro Area",110768,110768,110777,110649,110105,109533,108529,107419,106651,105801
0100000US,,United States,310M300US19660,19660,"United States - In metropolitan statistical area - Deltona-Daytona Beach-Ormond Beach, FL Metro Area","Deltona-Daytona Beach-Ormond Beach, FL Metro Area",590289,590294,590515,591964,595246,600681,609394,622251,636843,649202
0100000US,,United States,310M300US19740,19740,"United States - In metropolitan statistical area - Denver-Aurora-Lakewood, CO Metro Area","Denver-Aurora-Lakewood, CO Metro Area",2543482,2543592,2554399,2599629,2646151,2696308,2749827,2807211,2851848,2888227
0100000US,,United States,310M300US19780,19780,"United States - In metropolitan statistical area - Des Moines-West Des Moines, IA Metro Area","Des Moines-West Des Moines, IA Metro Area",569633,569633,571967,580961,589758,600366,611977,622566,634740,645911
0100000US,,United States,310M300US19820,19820,"United States - In metropolitan statistical area - Detroit-Warren-Dearborn, MI Metro Area","Detroit-Warren-Dearborn, MI Metro Area",4296250,4296317,4291287,4288618,4295646,4298541,4303366,4302282,4305869,4313002
0100000US,,United States,310M300US20020,20020,"United States - In metropolitan statistical area - Dothan, AL Metro Area","Dothan, AL Metro Area",145639,145643,145870,146604,147447,147439,147826,147990,147781,147914
0100000US,,United States,310M300US20100,20100,"United States - In metropolitan statistical area - Dover, DE Metro Area","Dover, DE Metro Area",162310,162349,162973,165149,167442,169150,171664,173332,174754,176824
0100000US,,United States,310M300US20220,20220,"United States - In metropolitan statistical area - Dubuque, IA Metro Area","Dubuque, IA Metro Area",93653,93653,93930,94599,95128,95888,96408,96813,96704,97041
0100000US,,United States,310M300US20260,20260,"United States - In metropolitan statistical area - Duluth, MN-WI Metro Area","Duluth, MN-WI Metro Area",279771,279771,279677,279753,279339,279439,279651,279197,278954,278782
0100000US,,United States,310M300US20500,20500,"United States - In metropolitan statistical area - Durham-Chapel Hill, NC Metro Area","Durham-Chapel Hill, NC Metro Area",504357,506623,508532,515514,524708,532944,541769,550346,558920,567428
0100000US,,United States,310M300US20700,20700,"United States - In metropolitan statistical area - East Stroudsburg, PA Metro Area","East Stroudsburg, PA Metro Area",169842,169838,169876,169961,168775,167588,167547,166835,166516,168046
0100000US,,United States,310M300US20740,20740,"United States - In metropolitan statistical area - Eau Claire, WI Metro Area","Eau Claire, WI Metro Area",161151,161390,161658,162881,163889,164795,164981,165455,166452,167484
0100000US,,United States,310M300US20940,20940,"United States - In metropolitan statistical area - El Centro, CA Metro Area","El Centro, CA Metro Area",174528,174528,174778,176157,177241,177267,178868,179839,180980,182830
0100000US,,United States,310M300US21060,21060,"United States - In metropolitan statistical area - Elizabethtown-Fort Knox, KY Metro Area","Elizabethtown-Fort Knox, KY Metro Area",148338,148351,149853,151319,151500,152155,151646,148095,148940,150430
0100000US,,United States,310M300US21140,21140,"United States - In metropolitan statistical area - Elkhart-Goshen, IN Metro Area","Elkhart-Goshen, IN Metro Area",197559,197561,197452,198383,199084,200366,201673,203401,204146,205032
0100000US,,United States,310M300US21300,21300,"United States - In metropolitan statistical area - Elmira, NY Metro Area","Elmira, NY Metro Area",88830,88841,88985,88983,89197,88374,87414,87030,86040,85557
0100000US,,United States,310M300US21340,21340,"United States - In metropolitan statistical area - El Paso, TX Metro Area","El Paso, TX Metro Area",804123,804123,806983,822747,834478,833522,836753,836326,841220,844818
0100000US,,United States,310M300US21420,21420,"United States - In metropolitan statistical area - Enid, OK Metro Area","Enid, OK Metro Area",60580,60580,60736,60664,61270,62272,62704,63163,62384,61581
0100000US,,United States,310M300US21500,21500,"United States - In metropolitan statistical area - Erie, PA Metro Area","Erie, PA Metro Area",280566,280564,280775,281288,281503,280647,279351,278111,276321,274541
0100000US,,United States,310M300US21660,21660,"United States - In metropolitan statistical area - Eugene, OR Metro Area","Eugene, OR Metro Area",351715,351713,351880,353419,354486,355041,357564,361721,368283,374748
0100000US,,United States,310M300US21780,21780,"United States - In metropolitan statistical area - Evansville, IN-KY Metro Area","Evansville, IN-KY Metro Area",311552,311554,311787,312631,313452,314454,315055,315439,315700,315669
0100000US,,United States,310M300US21820,21820,"United States - In metropolitan statistical area - Fairbanks, AK Metro Area","Fairbanks, AK Metro Area",97581,97585,98276,98136,100354,100898,99308,99643,100602,99703
0100000US,,United States,310M300US22020,22020,"United States - In metropolitan statistical area - Fargo, ND-MN Metro Area","Fargo, ND-MN Metro Area",208777,208777,209350,212706,216972,223477,227998,232987,237483,241356
0100000US,,United States,310M300US22140,22140,"United States - In metropolitan statistical area - Farmington, NM Metro Area","Farmington, NM Metro Area",130044,130045,130205,129649,129677,129324,128958,128125,127772,126926
0100000US,,United States,310M300US22180,22180,"United States - In metropolitan statistical area - Fayetteville, NC Metro Area","Fayetteville, NC Metro Area",366383,366322,374710,380366,380740,384464,384360,384554,386646,386662
0100000US,,United States,310M300US22220,22220,"United States - In metropolitan statistical area - Fayetteville-Springdale-Rogers, AR-MO Metro Area","Fayetteville-Springdale-Rogers, AR-MO Metro Area",463204,463210,465290,475098,484093,492739,502187,513262,525176,537463
0100000US,,United States,310M300US22380,22380,"United States - In metropolitan statistical area - Flagstaff, AZ Metro Area","Flagstaff, AZ Metro Area",134421,134435,134612,134181,136002,136448,137209,138682,140079,140776
0100000US,,United States,310M300US22420,22420,"United States - In metropolitan statistical area - Flint, MI Metro Area","Flint, MI Metro Area",425790,425788,424938,421901,418054,415489,412673,410249,408607,407385
0100000US,,United States,310M300US22500,22500,"United States - In metropolitan statistical area - Florence, SC Metro Area","Florence, SC Metro Area",205566,205571,205667,205822,206146,206066,206525,206307,205818,205831
0100000US,,United States,310M300US22520,22520,"United States - In metropolitan statistical area - Florence-Muscle Shoals, AL Metro Area","Florence-Muscle Shoals, AL Metro Area",147137,147137,147260,147137,147221,147216,147444,146780,146646,147038
0100000US,,United States,310M300US22540,22540,"United States - In metropolitan statistical area - Fond du Lac, WI Metro Area","Fond du Lac, WI Metro Area",101633,101630,101585,101841,101823,101783,101952,101916,102210,102548
0100000US,,United States,310M300US22660,22660,"United States - In metropolitan statistical area - Fort Collins, CO Metro Area","Fort Collins, CO Metro Area",299630,299628,300427,305027,310521,315859,323673,332840,338531,343976
0100000US,,United States,310M300US22900,22900,"United States - In metropolitan statistical area - Fort Smith, AR-OK Metro Area","Fort Smith, AR-OK Metro Area",280467,280538,280686,281216,281027,280156,279858,280393,281032,282086
0100000US,,United States,310M300US23060,23060,"United States - In metropolitan statistical area - Fort Wayne, IN Metro Area","Fort Wayne, IN Metro Area",416257,416254,416927,419867,421669,424155,426321,428909,431296,434617
0100000US,,United States,310M300US23420,23420,"United States - In metropolitan statistical area - Fresno, CA Metro Area","Fresno, CA Metro Area",930450,930495,932218,940360,946851,953787,963170,972333,979534,989255
0100000US,,United States,310M300US23460,23460,"United States - In metropolitan statistical area - Gadsden, AL Metro Area","Gadsden, AL Metro Area",104430,104427,104457,104354,104257,103865,103374,102942,102726,102755
0100000US,,United States,310M300US23540,23540,"United States - In metropolitan statistical area - Gainesville, FL Metro Area","Gainesville, FL Metro Area",264275,264276,264607,266825,268543,269608,272745,276689,281551,284687
0100000US,,United States,310M300US23580,23580,"United States - In metropolitan statistical area - Gainesville, GA Metro Area","Gainesville, GA Metro Area",179684,179697,180059,182467,184401,186765,189480,192506,196237,199335
0100000US,,United States,310M300US23900,23900,"United States - In metropolitan statistical area - Gettysburg, PA Metro Area","Gettysburg, PA Metro Area",101407,101417,101464,101460,101228,101059,101231,101637,101684,102336
0100000US,,United States,310M300US24020,24020,"United States - In metropolitan statistical area - Glens Falls, NY Metro Area","Glens Falls, NY Metro Area",128923,128936,129008,128803,128405,127862,127379,126701,126325,126152
0100000US,,United States,310M300US24140,24140,"United States - In metropolitan statistical area - Goldsboro, NC Metro Area","Goldsboro, NC Metro Area",122623,122646,122864,124080,124547,124715,124664,124454,124476,124172
0100000US,,United States,310M300US24220,24220,"United States - In metropolitan statistical area - Grand Forks, ND-MN Metro Area","Grand Forks, ND-MN Metro Area",98461,98464,98592,98061,99047,100712,101295,101819,102231,102414
0100000US,,United States,310M300US24260,24260,"United States - In metropolitan statistical area - Grand Island, NE Metro Area","Grand Island, NE Metro Area",81850,81850,82061,82675,83365,83899,84442,84626,84968,85045
0100000US,,United States,310M300US24300,24300,"United States - In metropolitan statistical area - Grand Junction, CO Metro Area","Grand Junction, CO Metro Area",146723,146717,146424,147276,147406,147250,147215,148116,149794,151616
0100000US,,United States,310M300US24340,24340,"United States - In metropolitan statistical area - Grand Rapids-Wyoming, MI Metro Area","Grand Rapids-Wyoming, MI Metro Area",988938,988940,989416,997100,1007613,1019146,1029762,1039064,1048826,1059113
0100000US,,United States,310M300US24420,24420,"United States - In metropolitan statistical area - Grants Pass, OR Metro Area","Grants Pass, OR Metro Area",82713,82713,82866,82666,82732,83108,83350,84422,85338,86352
0100000US,,United States,310M300US24500,24500,"United States - In metropolitan statistical area - Great Falls, MT Metro Area","Great Falls, MT Metro Area",81327,81324,81491,81674,81596,82119,81991,81829,81488,81654
0100000US,,United States,310M300US24540,24540,"United States - In metropolitan statistical area - Greeley, CO Metro Area","Greeley, CO Metro Area",252825,252839,254182,258528,263754,269804,275584,284382,294243,304633
0100000US,,United States,310M300US24580,24580,"United States - In metropolitan statistical area - Green Bay, WI Metro Area","Green Bay, WI Metro Area",306241,306241,306750,308651,310682,312000,314054,315687,317441,320050
0100000US,,United States,310M300US24660,24660,"United States - In metropolitan statistical area - Greensboro-High Point, NC Metro Area","Greensboro-High Point, NC Metro Area",723801,723850,725174,730431,735879,741089,746975,752140,756564,761184
0100000US,,United States,310M300US24780,24780,"United States - In metropolitan statistical area - Greenville, NC Metro Area","Greenville, NC Metro Area",168148,168166,168843,170806,173023,174434,175079,176237,177627,179042
0100000US,,United States,310M300US24860,24860,"United States - In metropolitan statistical area - Greenville-Anderson-Mauldin, SC Metro Area","Greenville-Anderson-Mauldin, SC Metro Area",824112,824109,825762,833632,841312,848866,860506,872507,884512,895923
0100000US,,United States,310M300US25060,25060,"United States - In metropolitan statistical area - Gulfport-Biloxi-Pascagoula, MS Metro Area","Gulfport-Biloxi-Pascagoula, MS Metro Area",370702,370787,371367,375571,378568,381800,385531,388012,390836,394232
0100000US,,United States,310M300US25180,25180,"United States - In metropolitan statistical area - Hagerstown-Martinsburg, MD-WV Metro Area","Hagerstown-Martinsburg, MD-WV Metro Area",251599,251602,252341,254363,255881,257380,259123,260695,263080,265498
0100000US,,United States,310M300US25220,25220,"United States - In metropolitan statistical area - Hammond, LA Metro Area","Hammond, LA Metro Area",121097,121101,121485,122629,123637,125443,126954,128735,130623,132497
0100000US,,United States,310M300US25260,25260,"United States - In metropolitan statistical area - Hanford-Corcoran, CA Metro Area","Hanford-Corcoran, CA Metro Area",152982,152982,152404,152030,151265,150675,149862,150482,149797,150101
0100000US,,United States,310M300US25420,25420,"United States - In metropolitan statistical area - Harrisburg-Carlisle, PA Metro Area","Harrisburg-Carlisle, PA Metro Area",549475,549473,550108,552121,555085,558323,561510,565301,568008,571903
0100000US,,United States,310M300US25500,25500,"United States - In metropolitan statistical area - Harrisonburg, VA Metro Area","Harrisonburg, VA Metro Area",125228,125223,125416,126847,128481,129052,130532,131319,133241,134442
0100000US,,United States,310M300US25540,25540,"United States - In metropolitan statistical area - Hartford-West Hartford-East Hartford, CT Metro Area","Hartford-West Hartford-East Hartford, CT Metro Area",1212381,1212398,1214343,1217106,1216064,1216966,1215275,1213041,1210075,1210259
0100000US,,United States,310M300US25620,25620,"United States - In metropolitan statistical area - Hattiesburg, MS Metro Area","Hattiesburg, MS Metro Area",142842,142857,143289,145256,146520,147718,147919,148538,148943,148877
0100000US,,United States,310M300US25860,25860,"United States - In metropolitan statistical area - Hickory-Lenoir-Morganton, NC Metro Area","Hickory-Lenoir-Morganton, NC Metro Area",365497,365835,365602,364536,363606,363413,362725,363044,364506,366534
0100000US,,United States,310M300US25940,25940,"United States - In metropolitan statistical area - Hilton Head Island-Bluffton-Beaufort, SC Metro Area","Hilton Head Island-Bluffton-Beaufort, SC Metro Area",187010,187010,187776,189211,193299,197536,201995,207501,211568,215302
0100000US,,United States,310M300US25980,25980,"United States - In metropolitan statistical area - Hinesville, GA Metro Area","Hinesville, GA Metro Area",77917,77919,77334,80297,80459,78900,81212,79385,79984,80400
0100000US,,United States,310M300US26140,26140,"United States - In metropolitan statistical area - Homosassa Springs, FL Metro Area","Homosassa Springs, FL Metro Area",141236,141236,141178,139765,139198,138865,138920,140443,142990,145647
0100000US,,United States,310M300US26300,26300,"United States - In metropolitan statistical area - Hot Springs, AR Metro Area","Hot Springs, AR Metro Area",96024,96011,96077,96834,96969,97627,97720,97734,98231,98658
0100000US,,United States,310M300US26380,26380,"United States - In metropolitan statistical area - Houma-Thibodaux, LA Metro Area","Houma-Thibodaux, LA Metro Area",208178,208183,208251,208604,208897,209938,211413,212291,211740,210512
0100000US,,United States,310M300US26420,26420,"United States - In metropolitan statistical area - Houston-The Woodlands-Sugar Land, TX Metro Area","Houston-The Woodlands-Sugar Land, TX Metro Area",5920416,5920486,5947419,6057947,6183726,6329553,6496862,6664187,6798010,6892427
0100000US,,United States,310M300US26580,26580,"United States - In metropolitan statistical area - Huntington-Ashland, WV-KY-OH Metro Area","Huntington-Ashland, WV-KY-OH Metro Area",364908,364928,365040,364927,364794,363889,362837,360957,358857,356474
0100000US,,United States,310M300US26620,26620,"United States - In metropolitan statistical area - Huntsville, AL Metro Area","Huntsville, AL Metro Area",417593,417593,419279,425049,429876,435275,440212,444373,449232,455448
0100000US,,United States,310M300US26820,26820,"United States - In metropolitan statistical area - Idaho Falls, ID Metro Area","Idaho Falls, ID Metro Area",133265,133333,133813,134926,136153,136807,137815,139464,142405,145643
0100000US,,United States,310M300US26900,26900,"United States - In metropolitan statistical area - Indianapolis-Carmel-Anderson, IN Metro Area","Indianapolis-Carmel-Anderson, IN Metro Area",1887877,1888090,1892470,1910429,1928986,1953213,1970850,1986872,2005612,2028614
0100000US,,United States,310M300US26980,26980,"United States - In metropolitan statistical area - Iowa City, IA Metro Area","Iowa City, IA Metro Area",152586,152586,152983,155493,158686,161594,164117,166655,168742,171491
0100000US,,United States,310M300US27060,27060,"United States - In metropolitan statistical area - Ithaca, NY Metro Area","Ithaca, NY Metro Area",101564,101594,101764,101987,103067,104143,104286,104283,104561,104802
0100000US,,United States,310M300US27100,27100,"United States - In metropolitan statistical area - Jackson, MI Metro Area","Jackson, MI Metro Area",160248,160248,160119,159625,159908,159558,159343,159191,158215,158640
0100000US,,United States,310M300US27140,27140,"United States - In metropolitan statistical area - Jackson, MS Metro Area","Jackson, MS Metro Area",567122,567645,568849,574014,576440,577229,578559,578766,579558,578715
0100000US,,United States,310M300US27180,27180,"United States - In metropolitan statistical area - Jackson, TN Metro Area","Jackson, TN Metro Area",130011,130018,130031,129714,130155,130376,129810,129184,129083,129235
0100000US,,United States,310M300US27260,27260,"United States - In metropolitan statistical area - Jacksonville, FL Metro Area","Jacksonville, FL Metro Area",1345596,1345598,1348910,1361962,1378059,1394206,1417740,1445986,1476503,1504980
0100000US,,United States,310M300US27340,27340,"United States - In metropolitan statistical area - Jacksonville, NC Metro Area","Jacksonville, NC Metro Area",177772,177799,186889,185013,190719,192377,191866,193088,192199,193893
0100000US,,United States,310M300US27500,27500,"United States - In metropolitan statistical area - Janesville-Beloit, WI Metro Area","Janesville-Beloit, WI Metro Area",160331,160331,160263,159882,160092,160373,160970,161059,161421,162309
0100000US,,United States,310M300US27620,27620,"United States - In metropolitan statistical area - Jefferson City, MO Metro Area","Jefferson City, MO Metro Area",149807,149805,149974,150340,150351,150650,150751,150958,151455,151465
0100000US,,United States,310M300US27740,27740,"United States - In metropolitan statistical area - Johnson City, TN Metro Area","Johnson City, TN Metro Area",198716,198755,199010,199499,200256,200313,199911,200217,201343,202053
0100000US,,United States,310M300US27780,27780,"United States - In metropolitan statistical area - Johnstown, PA Metro Area","Johnstown, PA Metro Area",143679,143674,143452,142561,141518,138749,137386,135854,134313,133054
0100000US,,United States,310M300US27860,27860,"United States - In metropolitan statistical area - Jonesboro, AR Metro Area","Jonesboro, AR Metro Area",121026,121026,121255,122750,124136,125685,126670,128307,129789,131269
0100000US,,United States,310M300US27900,27900,"United States - In metropolitan statistical area - Joplin, MO Metro Area","Joplin, MO Metro Area",175518,175516,175835,176638,174368,175140,175894,176733,177517,178507
0100000US,,United States,310M300US27980,27980,"United States - In metropolitan statistical area - Kahului-Wailuku-Lahaina, HI Metro Area","Kahului-Wailuku-Lahaina, HI Metro Area",154924,154925,155078,156928,158782,161095,163509,164477,165472,166348
0100000US,,United States,310M300US28020,28020,"United States - In metropolitan statistical area - Kalamazoo-Portage, MI Metro Area","Kalamazoo-Portage, MI Metro Area",326589,326590,326865,328352,330308,332184,333779,334538,336257,338338
0100000US,,United States,310M300US28100,28100,"United States - In metropolitan statistical area - Kankakee, IL Metro Area","Kankakee, IL Metro Area",113449,113449,113418,113477,112952,112207,111384,110756,110053,109605
0100000US,,United States,310M300US28140,28140,"United States - In metropolitan statistical area - Kansas City, MO-KS Metro Area","Kansas City, MO-KS Metro Area",2009342,2009338,2013412,2024880,2038501,2054039,2069602,2085221,2106382,2128912
0100000US,,United States,310M300US28420,28420,"United States - In metropolitan statistical area - Kennewick-Richland, WA Metro Area","Kennewick-Richland, WA Metro Area",253340,253334,255553,263522,268235,270980,274207,278980,283799,290296
0100000US,,United States,310M300US28660,28660,"United States - In metropolitan statistical area - Killeen-Temple, TX Metro Area","Killeen-Temple, TX Metro Area",405300,405310,408277,412376,423529,424069,426600,432741,436803,443773
0100000US,,United States,310M300US28700,28700,"United States - In metropolitan statistical area - Kingsport-Bristol-Bristol, TN-VA Metro Area","Kingsport-Bristol-Bristol, TN-VA Metro Area",309544,309512,309494,308993,308555,307793,307203,306182,305893,306659
0100000US,,United States,310M300US28740,28740,"United States - In metropolitan statistical area - Kingston, NY Metro Area","Kingston, NY Metro Area",182493,182512,182428,182516,181689,180965,180763,179952,179546,179417
0100000US,,United States,310M300US28940,28940,"United States - In metropolitan statistical area - Knoxville, TN Metro Area","Knoxville, TN Metro Area",837571,837675,838748,843001,847269,851377,855695,860398,867870,877104
0100000US,,United States,310M300US29020,29020,"United States - In metropolitan statistical area - Kokomo, IN Metro Area","Kokomo, IN Metro Area",82752,82752,82750,82775,82807,82707,82563,82314,82339,82363
0100000US,,United States,310M300US29100,29100,"United States - In metropolitan statistical area - La Crosse-Onalaska, WI-MN Metro Area","La Crosse-Onalaska, WI-MN Metro Area",133665,133665,133903,134094,135298,135618,136108,136354,136442,136934
0100000US,,United States,310M300US29180,29180,"United States - In metropolitan statistical area - Lafayette, LA Metro Area","Lafayette, LA Metro Area",466750,466744,467661,470693,474293,479811,485104,490041,491646,491558
0100000US,,United States,310M300US29200,29200,"United States - In metropolitan statistical area - Lafayette-West Lafayette, IN Metro Area","Lafayette-West Lafayette, IN Metro Area",201789,201798,202105,204455,207365,210227,212381,214657,217296,219239
0100000US,,United States,310M300US29340,29340,"United States - In metropolitan statistical area - Lake Charles, LA Metro Area","Lake Charles, LA Metro Area",199607,199629,199943,200475,201126,202209,203356,205357,207518,209357
0100000US,,United States,310M300US29420,29420,"United States - In metropolitan statistical area - Lake Havasu City-Kingman, AZ Metro Area","Lake Havasu City-Kingman, AZ Metro Area",200186,200185,200315,202733,203262,203026,203320,204524,205385,207200
0100000US,,United States,310M300US29460,29460,"United States - In metropolitan statistical area - Lakeland-Winter Haven, FL Metro Area","Lakeland-Winter Haven, FL Metro Area",602095,602095,603135,609924,615639,622981,635152,649644,667018,686483
0100000US,,United States,310M300US29540,29540,"United States - In metropolitan statistical area - Lancaster, PA Metro Area","Lancaster, PA Metro Area",519445,519447,520307,523786,526870,530149,533746,536534,539137,542903
0100000US,,United States,310M300US29620,29620,"United States - In metropolitan statistical area - Lansing-East Lansing, MI Metro Area","Lansing-East Lansing, MI Metro Area",464036,464032,464189,465984,466660,467828,469585,471076,474310,477656
0100000US,,United States,310M300US29700,29700,"United States - In metropolitan statistical area - Laredo, TX Metro Area","Laredo, TX Metro Area",250304,250304,251327,255598,259964,263962,267168,269795,272401,274794
0100000US,,United States,310M300US29740,29740,"United States - In metropolitan statistical area - Las Cruces, NM Metro Area","Las Cruces, NM Metro Area",209233,209222,210114,212860,214050,213425,213200,213165,213874,215579
0100000US,,United States,310M300US29820,29820,"United States - In metropolitan statistical area - Las Vegas-Henderson-Paradise, NV Metro Area","Las Vegas-Henderson-Paradise, NV Metro Area",1951269,1951269,1952906,1966521,1996290,2026056,2064991,2110330,2156724,2204079
0100000US,,United States,310M300US29940,29940,"United States - In metropolitan statistical area - Lawrence, KS Metro Area","Lawrence, KS Metro Area",110826,110826,111224,112381,113215,114554,116323,117866,119492,120793
0100000US,,United States,310M300US30020,30020,"United States - In metropolitan statistical area - Lawton, OK Metro Area","Lawton, OK Metro Area",130291,130291,131579,132146,132442,130620,130572,129480,127311,127349
0100000US,,United States,310M300US30140,30140,"United States - In metropolitan statistical area - Lebanon, PA Metro Area","Lebanon, PA Metro Area",133568,133577,133628,134438,135468,135720,136510,137540,138557,139754
0100000US,,United States,310M300US30300,30300,"United States - In metropolitan statistical area - Lewiston, ID-WA Metro Area","Lewiston, ID-WA Metro Area",60888,60893,61044,61388,61400,61915,62017,62109,62406,62920
0100000US,,United States,310M300US30340,30340,"United States - In metropolitan statistical area - Lewiston-Auburn, ME Metro Area","Lewiston-Auburn, ME Metro Area",107702,107702,107690,107395,107495,107271,107290,107104,107269,107651
0100000US,,United States,310M300US30460,30460,"United States - In metropolitan statistical area - Lexington-Fayette, KY Metro Area","Lexington-Fayette, KY Metro Area",472099,472102,473306,478570,484490,489413,494089,500528,506760,512650
0100000US,,United States,310M300US30620,30620,"United States - In metropolitan statistical area - Lima, OH Metro Area","Lima, OH Metro Area",106331,106326,106366,105975,105233,105025,104843,104093,103626,103198
0100000US,,United States,310M300US30700,30700,"United States - In metropolitan statistical area - Lincoln, NE Metro Area","Lincoln, NE Metro Area",302157,302157,302980,306746,310564,314522,319858,323481,327633,331519
0100000US,,United States,310M300US30780,30780,"United States - In metropolitan statistical area - Little Rock-North Little Rock-Conway, AR Metro Area","Little Rock-North Little Rock-Conway, AR Metro Area",699757,699786,702245,710178,716876,722455,727363,730107,733461,738344
0100000US,,United States,310M300US30860,30860,"United States - In metropolitan statistical area - Logan, UT-ID Metro Area","Logan, UT-ID Metro Area",125442,125442,126156,127619,128656,129843,130784,132718,135689,138002
0100000US,,United States,310M300US30980,30980,"United States - In metropolitan statistical area - Longview, TX Metro Area","Longview, TX Metro Area",214369,214384,214731,216016,216693,216265,216445,217162,217314,217481
0100000US,,United States,310M300US31020,31020,"United States - In metropolitan statistical area - Longview, WA Metro Area","Longview, WA Metro Area",102410,102408,102353,102291,101649,101481,101784,103020,104756,106910
0100000US,,United States,310M300US31080,31080,"United States - In metropolitan statistical area - Los Angeles-Long Beach-Anaheim, CA Metro Area","Los Angeles-Long Beach-Anaheim, CA Metro Area",12828837,12828961,12841606,12939463,13041538,13132253,13209445,13283824,13328261,13353907
0100000US,,United States,310M300US31140,31140,"United States - In metropolitan statistical area - Louisville/Jefferson County, KY-IN Metro Area","Louisville/Jefferson County, KY-IN Metro Area",1235708,1235706,1237565,1244490,1252357,1263269,1270951,1277992,1284848,1293953
0100000US,,United States,310M300US31180,31180,"United States - In metropolitan statistical area - Lubbock, TX Metro Area","Lubbock, TX Metro Area",290805,290870,292226,295315,297902,301258,306233,310125,314013,316983
0100000US,,United States,310M300US31340,31340,"United States - In metropolitan statistical area - Lynchburg, VA Metro Area","Lynchburg, VA Metro Area",252634,252660,253000,254183,255555,256752,257802,259072,260092,261254
0100000US,,United States,310M300US31420,31420,"United States - In metropolitan statistical area - Macon-Bibb County, GA Metro Area","Macon-Bibb County, GA Metro Area",232293,232286,232223,232728,232823,231290,230547,229919,229163,228914
0100000US,,United States,310M300US31460,31460,"United States - In metropolitan statistical area - Madera, CA Metro Area","Madera, CA Metro Area",150865,150843,151037,151876,151900,151819,154103,154423,154966,156890
0100000US,,United States,310M300US31540,31540,"United States - In metropolitan statistical area - Madison, WI Metro Area","Madison, WI Metro Area",605435,605428,606578,613240,619909,626560,632924,639214,647432,654230
0100000US,,United States,310M300US31700,31700,"United States - In metropolitan statistical area - Manchester-Nashua, NH Metro Area","Manchester-Nashua, NH Metro Area",400721,400717,401038,401829,402715,403371,405062,406009,407718,409697
0100000US,,United States,310M300US31740,31740,"United States - In metropolitan statistical area - Manhattan, KS Metro Area","Manhattan, KS Metro Area",92719,92742,93293,95378,99740,99383,99039,99780,98141,98080
0100000US,,United States,310M300US31860,31860,"United States - In metropolitan statistical area - Mankato-North Mankato, MN Metro Area","Mankato-North Mankato, MN Metro Area",96740,96740,96841,97306,97984,97727,98594,99059,99900,100939
0100000US,,United States,310M300US31900,31900,"United States - In metropolitan statistical area - Mansfield, OH Metro Area","Mansfield, OH Metro Area",124475,124476,124161,123130,122625,122303,121965,121641,121167,120589
0100000US,,United States,310M300US32580,32580,"United States - In metropolitan statistical area - McAllen-Edinburg-Mission, TX Metro Area","McAllen-Edinburg-Mission, TX Metro Area",774769,774770,779015,794639,806725,817526,829210,840113,850187,860661
0100000US,,United States,310M300US32780,32780,"United States - In metropolitan statistical area - Medford, OR Metro Area","Medford, OR Metro Area",203206,203206,203334,204607,205768,207155,209140,211868,214706,217479
0100000US,,United States,310M300US32820,32820,"United States - In metropolitan statistical area - Memphis, TN-MS-AR Metro Area","Memphis, TN-MS-AR Metro Area",1324829,1324827,1326280,1332338,1340171,1340975,1342422,1343439,1345193,1348260
0100000US,,United States,310M300US32900,32900,"United States - In metropolitan statistical area - Merced, CA Metro Area","Merced, CA Metro Area",255793,255798,256772,259607,261407,262712,265281,267406,268878,272673
0100000US,,United States,310M300US33100,33100,"United States - In metropolitan statistical area - Miami-Fort Lauderdale-West Palm Beach, FL Metro Area","Miami-Fort Lauderdale-West Palm Beach, FL Metro Area",5564635,5566299,5583888,5696288,5780894,5862992,5943656,6026044,6107433,6158824
0100000US,,United States,310M300US33140,33140,"United States - In metropolitan statistical area - Michigan City-La Porte, IN Metro Area","Michigan City-La Porte, IN Metro Area",111467,111467,111458,111309,111290,111414,111717,110825,110208,110029
0100000US,,United States,310M300US33220,33220,"United States - In metropolitan statistical area - Midland, MI Metro Area","Midland, MI Metro Area",83629,83629,83653,83759,83650,83549,83421,83630,83433,83411
0100000US,,United States,310M300US33260,33260,"United States - In metropolitan statistical area - Midland, TX Metro Area","Midland, TX Metro Area",141671,141671,141788,145061,152251,157593,162036,167688,169161,170675
0100000US,,United States,310M300US33340,33340,"United States - In metropolitan statistical area - Milwaukee-Waukesha-West Allis, WI Metro Area","Milwaukee-Waukesha-West Allis, WI Metro Area",1555908,1555954,1556675,1561671,1567759,1571740,1575007,1576376,1576143,1576236
0100000US,,United States,310M300US33460,33460,"United States - In metropolitan statistical area - Minneapolis-St. Paul-Bloomington, MN-WI Metro Area","Minneapolis-St. Paul-Bloomington, MN-WI Metro Area",3348859,3348858,3355196,3388629,3422188,3458299,3493226,3521325,3557276,3600618
0100000US,,United States,310M300US33540,33540,"United States - In metropolitan statistical area - Missoula, MT Metro Area","Missoula, MT Metro Area",109299,109299,109432,110172,111016,111575,112462,113780,115896,117441
0100000US,,United States,310M300US33660,33660,"United States - In metropolitan statistical area - Mobile, AL Metro Area","Mobile, AL Metro Area",412992,413143,413320,413232,413737,413929,414314,414588,414852,413955
0100000US,,United States,310M300US33700,33700,"United States - In metropolitan statistical area - Modesto, CA Metro Area","Modesto, CA Metro Area",514453,514451,515242,518034,521349,524625,529544,535000,541353,547899
0100000US,,United States,310M300US33740,33740,"United States - In metropolitan statistical area - Monroe, LA Metro Area","Monroe, LA Metro Area",176441,176505,176806,177348,177769,178510,178938,179410,179546,178445
0100000US,,United States,310M300US33780,33780,"United States - In metropolitan statistical area - Monroe, MI Metro Area","Monroe, MI Metro Area",152021,152021,151924,151453,150737,150057,149796,149369,149223,149649
0100000US,,United States,310M300US33860,33860,"United States - In metropolitan statistical area - Montgomery, AL Metro Area","Montgomery, AL Metro Area",374536,374541,375128,375497,374695,373835,373222,373097,373475,373903
0100000US,,United States,310M300US34060,34060,"United States - In metropolitan statistical area - Morgantown, WV Metro Area","Morgantown, WV Metro Area",129709,129709,130340,132329,134378,135566,136871,137745,138482,138709
0100000US,,United States,310M300US34100,34100,"United States - In metropolitan statistical area - Morristown, TN Metro Area","Morristown, TN Metro Area",113951,114193,114219,114692,114914,115102,115336,116371,116874,118081
0100000US,,United States,310M300US34580,34580,"United States - In metropolitan statistical area - Mount Vernon-Anacortes, WA Metro Area","Mount Vernon-Anacortes, WA Metro Area",116901,116896,116951,117578,117733,118295,119907,121414,123390,125619
0100000US,,United States,310M300US34620,34620,"United States - In metropolitan statistical area - Muncie, IN Metro Area","Muncie, IN Metro Area",117671,117669,117647,117844,116950,116764,116448,115811,115483,115184
0100000US,,United States,310M300US34740,34740,"United States - In metropolitan statistical area - Muskegon, MI Metro Area","Muskegon, MI Metro Area",172188,172188,171898,169975,170087,172196,172171,172373,173102,173693
0100000US,,United States,310M300US34820,34820,"United States - In metropolitan statistical area - Myrtle Beach-Conway-North Myrtle Beach, SC-NC Metro Area","Myrtle Beach-Conway-North Myrtle Beach, SC-NC Metro Area",376722,376722,378506,385932,393648,404054,416347,431502,447793,464165
0100000US,,United States,310M300US34900,34900,"United States - In metropolitan statistical area - Napa, CA Metro Area","Napa, CA Metro Area",136484,136530,136794,137905,138876,139978,140918,141507,141649,140973
0100000US,,United States,310M300US34940,34940,"United States - In metropolitan statistical area - Naples-Immokalee-Marco Island, FL Metro Area","Naples-Immokalee-Marco Island, FL Metro Area",321520,321520,322601,327667,332556,339483,348216,357194,366095,372880
0100000US,,United States,310M300US34980,34980,"United States - In metropolitan statistical area - Nashville-Davidson--Murfreesboro--Franklin, TN Metro Area","Nashville-Davidson--Murfreesboro--Franklin, TN Metro Area",1670890,1670883,1675757,1697833,1726698,1757891,1792756,1829513,1868855,1903045
0100000US,,United States,310M300US35100,35100,"United States - In metropolitan statistical area - New Bern, NC Metro Area","New Bern, NC Metro Area",126802,126812,127421,128185,128430,127206,126852,125564,125281,124864
0100000US,,United States,310M300US35300,35300,"United States - In metropolitan statistical area - New Haven-Milford, CT Metro Area","New Haven-Milford, CT Metro Area",862477,862462,863618,864725,865335,864558,864073,861594,859973,860435
0100000US,,United States,310M300US35380,35380,"United States - In metropolitan statistical area - New Orleans-Metairie, LA Metro Area","New Orleans-Metairie, LA Metro Area",1189866,1189859,1195455,1213780,1227902,1241194,1251626,1263526,1271195,1275762
0100000US,,United States,310M300US35620,35620,"United States - In metropolitan statistical area - New York-Newark-Jersey City, NY-NJ-PA Metro Area","New York-Newark-Jersey City, NY-NJ-PA Metro Area",19567410,19566480,19602914,19763868,19897967,20023110,20125350,20215694,20275179,20320876
0100000US,,United States,310M300US35660,35660,"United States - In metropolitan statistical area - Niles-Benton Harbor, MI Metro Area","Niles-Benton Harbor, MI Metro Area",156813,156817,156735,156792,156421,155847,155677,154802,154157,154259
0100000US,,United States,310M300US35840,35840,"United States - In metropolitan statistical area - North Port-Sarasota-Bradenton, FL Metro Area","North Port-Sarasota-Bradenton, FL Metro Area",702281,702313,703383,709806,720659,732386,748180,768207,788442,804690
0100000US,,United States,310M300US35980,35980,"United States - In metropolitan statistical area - Norwich-New London, CT Metro Area","Norwich-New London, CT Metro Area",274055,274059,274036,273226,274280,273388,271864,270266,269307,269033
0100000US,,United States,310M300US36100,36100,"United States - In metropolitan statistical area - Ocala, FL Metro Area","Ocala, FL Metro Area",331298,331301,331344,332307,334004,335274,338368,342757,348139,354353
0100000US,,United States,310M300US36140,36140,"United States - In metropolitan statistical area - Ocean City, NJ Metro Area","Ocean City, NJ Metro Area",97265,97265,97222,96561,96387,95704,95146,94421,93920,93553
0100000US,,United States,310M300US36220,36220,"United States - In metropolitan statistical area - Odessa, TX Metro Area","Odessa, TX Metro Area",137130,137136,137079,139611,144455,149651,154566,159835,157580,157087
0100000US,,United States,310M300US36260,36260,"United States - In metropolitan statistical area - Ogden-Clearfield, UT Metro Area","Ogden-Clearfield, UT Metro Area",597159,597159,599724,605681,612257,621468,630889,640663,652995,665358
0100000US,,United States,310M300US36420,36420,"United States - In metropolitan statistical area - Oklahoma City, OK Metro Area","Oklahoma City, OK Metro Area",1252987,1252991,1257743,1276130,1297041,1319469,1335736,1356118,1372463,1383737
0100000US,,United States,310M300US36500,36500,"United States - In metropolitan statistical area - Olympia-Tumwater, WA Metro Area","Olympia-Tumwater, WA Metro Area",252264,252260,252954,256241,258421,261798,264969,268148,273923,280588
0100000US,,United States,310M300US36540,36540,"United States - In metropolitan statistical area - Omaha-Council Bluffs, NE-IA Metro Area","Omaha-Council Bluffs, NE-IA Metro Area",865350,865356,868050,876667,885500,895082,904241,914305,924003,933316
0100000US,,United States,310M300US36740,36740,"United States - In metropolitan statistical area - Orlando-Kissimmee-Sanford, FL Metro Area","Orlando-Kissimmee-Sanford, FL Metro Area",2134411,2134399,2139317,2176424,2227414,2272175,2327929,2391028,2453333,2509831
0100000US,,United States,310M300US36780,36780,"United States - In metropolitan statistical area - Oshkosh-Neenah, WI Metro Area","Oshkosh-Neenah, WI Metro Area",166994,166994,167064,167497,168545,169279,169295,169157,169555,170414
0100000US,,United States,310M300US36980,36980,"United States - In metropolitan statistical area - Owensboro, KY Metro Area","Owensboro, KY Metro Area",114752,114754,114772,115276,116012,116374,116516,117408,117923,118376
0100000US,,United States,310M300US37100,37100,"United States - In metropolitan statistical area - Oxnard-Thousand Oaks-Ventura, CA Metro Area","Oxnard-Thousand Oaks-Ventura, CA Metro Area",823318,823391,825298,830990,835143,840175,844749,848925,851096,854223
0100000US,,United States,310M300US37340,37340,"United States - In metropolitan statistical area - Palm Bay-Melbourne-Titusville, FL Metro Area","Palm Bay-Melbourne-Titusville, FL Metro Area",543376,543378,543976,544439,547293,550754,556277,566822,577899,589162
0100000US,,United States,310M300US37460,37460,"United States - In metropolitan statistical area - Panama City, FL Metro Area","Panama City, FL Metro Area",184715,184715,185031,185281,187524,190509,194227,197124,199092,199723
0100000US,,United States,310M300US37620,37620,"United States - In metropolitan statistical area - Parkersburg-Vienna, WV Metro Area","Parkersburg-Vienna, WV Metro Area",92673,92674,92703,92620,92367,92341,92242,92109,91488,90898
0100000US,,United States,310M300US37860,37860,"United States - In metropolitan statistical area - Pensacola-Ferry Pass-Brent, FL Metro Area","Pensacola-Ferry Pass-Brent, FL Metro Area",448991,448992,450947,455093,461672,467188,470871,475894,481774,487784
0100000US,,United States,310M300US37900,37900,"United States - In metropolitan statistical area - Peoria, IL Metro Area","Peoria, IL Metro Area",379186,379186,378982,379665,380137,381557,379412,377300,375600,372427
0100000US,,United States,310M300US37980,37980,"United States - In metropolitan statistical area - Philadelphia-Camden-Wilmington, PA-NJ-DE-MD Metro Area","Philadelphia-Camden-Wilmington, PA-NJ-DE-MD Metro Area",5965343,5965693,5971189,5996406,6020821,6035329,6053028,6066589,6077152,6096120
0100000US,,United States,310M300US38060,38060,"United States - In metropolitan statistical area - Phoenix-Mesa-Scottsdale, AZ Metro Area","Phoenix-Mesa-Scottsdale, AZ Metro Area",4192887,4193129,4204148,4247852,4321686,4390565,4470712,4558145,4648498,4737270
0100000US,,United States,310M300US38220,38220,"United States - In metropolitan statistical area - Pine Bluff, AR Metro Area","Pine Bluff, AR Metro Area",100258,100278,100093,99016,97388,95737,94850,93983,92412,90963
0100000US,,United States,310M300US38300,38300,"United States - In metropolitan statistical area - Pittsburgh, PA Metro Area","Pittsburgh, PA Metro Area",2356285,2356291,2356983,2359626,2360263,2359977,2356699,2349139,2341536,2333367
0100000US,,United States,310M300US38340,38340,"United States - In metropolitan statistical area - Pittsfield, MA Metro Area","Pittsfield, MA Metro Area",131219,131272,131294,130488,130154,129313,128645,127628,126858,126313
0100000US,,United States,310M300US38540,38540,"United States - In metropolitan statistical area - Pocatello, ID Metro Area","Pocatello, ID Metro Area",82839,82839,83024,83599,83724,83410,83514,83992,84379,85269
0100000US,,United States,310M300US38860,38860,"United States - In metropolitan statistical area - Portland-South Portland, ME Metro Area","Portland-South Portland, ME Metro Area",514098,514102,513879,515929,517872,519999,523049,525492,528261,532083
0100000US,,United States,310M300US38900,38900,"United States - In metropolitan statistical area - Portland-Vancouver-Hillsboro, OR-WA Metro Area","Portland-Vancouver-Hillsboro, OR-WA Metro Area",2226009,2226001,2231876,2258821,2285177,2309289,2342444,2382181,2423102,2453168
0100000US,,United States,310M300US38940,38940,"United States - In metropolitan statistical area - Port St. Lucie, FL Metro Area","Port St. Lucie, FL Metro Area",424107,424107,425193,428363,432217,436927,443840,453650,464563,473429
0100000US,,United States,310M300US39140,39140,"United States - In metropolitan statistical area - Prescott, AZ Metro Area","Prescott, AZ Metro Area",211033,211015,210969,210883,211809,214198,217509,220621,224363,228168
0100000US,,United States,310M300US39300,39300,"United States - In metropolitan statistical area - Providence-Warwick, RI-MA Metro Area","Providence-Warwick, RI-MA Metro Area",1600852,1601210,1602351,1601522,1604011,1605438,1610173,1613155,1615878,1621122
0100000US,,United States,310M300US39340,39340,"United States - In metropolitan statistical area - Provo-Orem, UT Metro Area","Provo-Orem, UT Metro Area",526810,526885,530238,541171,550071,561895,571320,583583,601478,617675
0100000US,,United States,310M300US39380,39380,"United States - In metropolitan statistical area - Pueblo, CO Metro Area","Pueblo, CO Metro Area",159063,159063,159463,160171,160735,161070,161419,163043,164834,166475
0100000US,,United States,310M300US39460,39460,"United States - In metropolitan statistical area - Punta Gorda, FL Metro Area","Punta Gorda, FL Metro Area",159978,159968,159869,159881,162833,164830,168336,172824,178157,182033
0100000US,,United States,310M300US39540,39540,"United States - In metropolitan statistical area - Racine, WI Metro Area","Racine, WI Metro Area",195408,195428,195406,194931,194645,194753,194908,194763,195010,196071
0100000US,,United States,310M300US39580,39580,"United States - In metropolitan statistical area - Raleigh, NC Metro Area","Raleigh, NC Metro Area",1130490,1130489,1137393,1163343,1188920,1214464,1242613,1272875,1304896,1335079
0100000US,,United States,310M300US39660,39660,"United States - In metropolitan statistical area - Rapid City, SD Metro Area","Rapid City, SD Metro Area",134598,134616,135004,136229,138334,140755,142713,143357,144879,146850
0100000US,,United States,310M300US39740,39740,"United States - In metropolitan statistical area - Reading, PA Metro Area","Reading, PA Metro Area",411442,411538,411989,412857,413522,414011,414642,415261,415732,417854
0100000US,,United States,310M300US39820,39820,"United States - In metropolitan statistical area - Redding, CA Metro Area","Redding, CA Metro Area",177223,177223,177284,177595,177917,178445,178983,178472,178774,179921
0100000US,,United States,310M300US39900,39900,"United States - In metropolitan statistical area - Reno, NV Metro Area","Reno, NV Metro Area",425417,425437,425991,428536,432212,436163,441807,448230,456418,464593
0100000US,,United States,310M300US40060,40060,"United States - In metropolitan statistical area - Richmond, VA Metro Area","Richmond, VA Metro Area",1208101,1208087,1210039,1219241,1233321,1245755,1258597,1270027,1282205,1294204
0100000US,,United States,310M300US40140,40140,"United States - In metropolitan statistical area - Riverside-San Bernardino-Ontario, CA Metro Area","Riverside-San Bernardino-Ontario, CA Metro Area",4224851,4224965,4243235,4298271,4341405,4378138,4425776,4472874,4523653,4580670
0100000US,,United States,310M300US40220,40220,"United States - In metropolitan statistical area - Roanoke, VA Metro Area","Roanoke, VA Metro Area",308707,308670,308625,309212,310556,311993,312847,313278,313102,314128
0100000US,,United States,310M300US40340,40340,"United States - In metropolitan statistical area - Rochester, MN Metro Area","Rochester, MN Metro Area",206877,206877,207194,208450,209562,211560,212654,213829,216096,218280
0100000US,,United States,310M300US40380,40380,"United States - In metropolitan statistical area - Rochester, NY Metro Area","Rochester, NY Metro Area",1079671,1079691,1080280,1082275,1082782,1083791,1082785,1080385,1078352,1077948
0100000US,,United States,310M300US40420,40420,"United States - In metropolitan statistical area - Rockford, IL Metro Area","Rockford, IL Metro Area",349431,349431,349194,347701,345803,344671,342412,340725,339650,338291
0100000US,,United States,310M300US40580,40580,"United States - In metropolitan statistical area - Rocky Mount, NC Metro Area","Rocky Mount, NC Metro Area",152392,152374,152407,151808,150901,149899,149147,147699,147301,146738
0100000US,,United States,310M300US40660,40660,"United States - In metropolitan statistical area - Rome, GA Metro Area","Rome, GA Metro Area",96317,96316,96428,96221,96000,95921,95959,96243,96620,97613
0100000US,,United States,310M300US40900,40900,"United States - In metropolitan statistical area - Sacramento--Roseville--Arden-Arcade, CA Metro Area","Sacramento--Roseville--Arden-Arcade, CA Metro Area",2149127,2149144,2153935,2174008,2192724,2213564,2239455,2266892,2295233,2324884
0100000US,,United States,310M300US40980,40980,"United States - In metropolitan statistical area - Saginaw, MI Metro Area","Saginaw, MI Metro Area",200169,200169,199851,198833,198250,196645,195055,193097,192285,191934
0100000US,,United States,310M300US41060,41060,"United States - In metropolitan statistical area - St. Cloud, MN Metro Area","St. Cloud, MN Metro Area",189093,189093,189210,190064,190553,191592,192958,194951,196039,197759
0100000US,,United States,310M300US41100,41100,"United States - In metropolitan statistical area - St. George, UT Metro Area","St. George, UT Metro Area",138115,138115,138393,141276,144216,147077,151179,154731,159237,165662
0100000US,,United States,310M300US41140,41140,"United States - In metropolitan statistical area - St. Joseph, MO-KS Metro Area","St. Joseph, MO-KS Metro Area",127329,127332,127277,127639,127886,127651,127306,126864,126927,126935
0100000US,,United States,310M300US41180,41180,"United States - In metropolitan statistical area - St. Louis, MO-IL Metro Area","St. Louis, MO-IL Metro Area",2787701,2787763,2789860,2793774,2796137,2799644,2803901,2807321,2806782,2807338
0100000US,,United States,310M300US41420,41420,"United States - In metropolitan statistical area - Salem, OR Metro Area","Salem, OR Metro Area",390738,390754,391453,393520,395782,397963,402117,408326,417208,424982
0100000US,,United States,310M300US41500,41500,"United States - In metropolitan statistical area - Salinas, CA Metro Area","Salinas, CA Metro Area",415057,415052,416475,421162,426094,428382,430416,432774,436363,437907
0100000US,,United States,310M300US41540,41540,"United States - In metropolitan statistical area - Salisbury, MD-DE Metro Area","Salisbury, MD-DE Metro Area",373802,373764,374823,378331,381524,384965,389391,394393,400025,405853
0100000US,,United States,310M300US41620,41620,"United States - In metropolitan statistical area - Salt Lake City, UT Metro Area","Salt Lake City, UT Metro Area",1087873,1087808,1091460,1107497,1124277,1141470,1152719,1167013,1185978,1203105
0100000US,,United States,310M300US41660,41660,"United States - In metropolitan statistical area - San Angelo, TX Metro Area","San Angelo, TX Metro Area",111823,111825,112284,113345,114891,116333,117975,119141,119362,119535
0100000US,,United States,310M300US41700,41700,"United States - In metropolitan statistical area - San Antonio-New Braunfels, TX Metro Area","San Antonio-New Braunfels, TX Metro Area",2142508,2142516,2152961,2193620,2236395,2279878,2328419,2379054,2426211,2473974
0100000US,,United States,310M300US41740,41740,"United States - In metropolitan statistical area - San Diego-Carlsbad, CA Metro Area","San Diego-Carlsbad, CA Metro Area",3095313,3095342,3103793,3139767,3179798,3216522,3256875,3290044,3317200,3337685
0100000US,,United States,310M300US41860,41860,"United States - In metropolitan statistical area - San Francisco-Oakland-Hayward, CA Metro Area","San Francisco-Oakland-Hayward, CA Metro Area",4335391,4335573,4344810,4399218,4463172,4528717,4595964,4657985,4699077,4727357
0100000US,,United States,310M300US41940,41940,"United States - In metropolitan statistical area - San Jose-Sunnyvale-Santa Clara, CA Metro Area","San Jose-Sunnyvale-Santa Clara, CA Metro Area",1836911,1836940,1842074,1869846,1898569,1928305,1954220,1977584,1990910,1998463
0100000US,,United States,310M300US42020,42020,"United States - In metropolitan statistical area - San Luis Obispo-Paso Robles-Arroyo Grande, CA Metro Area","San Luis Obispo-Paso Robles-Arroyo Grande, CA Metro Area",269637,269591,269819,271150,274378,275973,278534,280402,282282,283405
0100000US,,United States,310M300US42100,42100,"United States - In metropolitan statistical area - Santa Cruz-Watsonville, CA Metro Area","Santa Cruz-Watsonville, CA Metro Area",262382,262366,263216,265103,266794,269395,271529,274299,275196,275897
0100000US,,United States,310M300US42140,42140,"United States - In metropolitan statistical area - Santa Fe, NM Metro Area","Santa Fe, NM Metro Area",144170,144217,144523,145442,146169,146616,146983,147276,147943,148750
0100000US,,United States,310M300US42200,42200,"United States - In metropolitan statistical area - Santa Maria-Santa Barbara, CA Metro Area","Santa Maria-Santa Barbara, CA Metro Area",423895,423949,424338,426058,430827,435980,440628,443927,446296,448150
0100000US,,United States,310M300US42220,42220,"United States - In metropolitan statistical area - Santa Rosa, CA Metro Area","Santa Rosa, CA Metro Area",483878,483870,484827,487822,490740,495007,499563,502096,503833,504217
0100000US,,United States,310M300US42340,42340,"United States - In metropolitan statistical area - Savannah, GA Metro Area","Savannah, GA Metro Area",347611,347598,348687,355839,362109,365438,371950,378664,383785,387543
0100000US,,United States,310M300US42540,42540,"United States - In metropolitan statistical area - Scranton--Wilkes-Barre--Hazleton, PA Metro Area","Scranton--Wilkes-Barre--Hazleton, PA Metro Area",563631,563625,563771,563604,563694,561521,560034,557555,555171,555426
0100000US,,United States,310M300US42660,42660,"United States - In metropolitan statistical area - Seattle-Tacoma-Bellevue, WA Metro Area","Seattle-Tacoma-Bellevue, WA Metro Area",3439809,3439806,3448049,3496870,3552220,3610580,3667189,3728606,3802660,3867046
0100000US,,United States,310M300US42680,42680,"United States - In metropolitan statistical area - Sebastian-Vero Beach, FL Metro Area","Sebastian-Vero Beach, FL Metro Area",138028,138028,138275,139086,140499,141942,144571,147629,151382,154383
0100000US,,United States,310M300US42700,42700,"United States - In metropolitan statistical area - Sebring, FL Metro Area","Sebring, FL Metro Area",98786,98786,98635,98451,98205,98071,98482,99891,101558,102883
0100000US,,United States,310M300US43100,43100,"United States - In metropolitan statistical area - Sheboygan, WI Metro Area","Sheboygan, WI Metro Area",115507,115510,115517,115218,114794,114720,115017,115261,115127,115344
0100000US,,United States,310M300US43300,43300,"United States - In metropolitan statistical area - Sherman-Denison, TX Metro Area","Sherman-Denison, TX Metro Area",120877,120881,121034,121372,121750,122295,123540,125549,128206,131140
0100000US,,United States,310M300US43340,43340,"United States - In metropolitan statistical area - Shreveport-Bossier City, LA Metro Area","Shreveport-Bossier City, LA Metro Area",439811,439811,441148,445027,448421,446977,445070,444486,442403,440933
0100000US,,United States,310M300US43420,43420,"United States - In metropolitan statistical area - Sierra Vista-Douglas, AZ Metro Area","Sierra Vista-Douglas, AZ Metro Area",131346,131356,131782,132952,131826,129332,127054,126084,125355,124756
0100000US,,United States,310M300US43580,43580,"United States - In metropolitan statistical area - Sioux City, IA-NE-SD Metro Area","Sioux City, IA-NE-SD Metro Area",168563,168563,168834,168892,168544,168481,168452,168634,169049,168618
0100000US,,United States,310M300US43620,43620,"United States - In metropolitan statistical area - Sioux Falls, SD Metro Area","Sioux Falls, SD Metro Area",228261,228260,229123,232305,236948,242227,246657,250469,254372,259094
0100000US,,United States,310M300US43780,43780,"United States - In metropolitan statistical area - South Bend-Mishawaka, IN-MI Metro Area","South Bend-Mishawaka, IN-MI Metro Area",319224,319215,319022,318854,318160,318498,319267,319651,320822,321815
0100000US,,United States,310M300US43900,43900,"United States - In metropolitan statistical area - Spartanburg, SC Metro Area","Spartanburg, SC Metro Area",313268,313269,313673,314862,316589,318651,321197,324532,328751,334391
0100000US,,United States,310M300US44060,44060,"United States - In metropolitan statistical area - Spokane-Spokane Valley, WA Metro Area","Spokane-Spokane Valley, WA Metro Area",527753,527753,528416,529674,531837,534546,539319,545559,554777,564236
0100000US,,United States,310M300US44100,44100,"United States - In metropolitan statistical area - Springfield, IL Metro Area","Springfield, IL Metro Area",210170,210170,210460,211666,212010,211585,211487,210990,209990,208697
0100000US,,United States,310M300US44140,44140,"United States - In metropolitan statistical area - Springfield, MA Metro Area","Springfield, MA Metro Area",621570,621703,623455,626157,627115,628437,630479,630696,630661,631652
0100000US,,United States,310M300US44180,44180,"United States - In metropolitan statistical area - Springfield, MO Metro Area","Springfield, MO Metro Area",436712,436711,437283,440209,444188,448360,451556,455484,457897,462369
0100000US,,United States,310M300US44220,44220,"United States - In metropolitan statistical area - Springfield, OH Metro Area","Springfield, OH Metro Area",138333,138347,138265,137754,137115,136567,136233,135624,134621,134557
0100000US,,United States,310M300US44300,44300,"United States - In metropolitan statistical area - State College, PA Metro Area","State College, PA Metro Area",153990,154030,154280,155039,155909,158298,159637,160553,162083,162660
0100000US,,United States,310M300US44420,44420,"United States - In metropolitan statistical area - Staunton-Waynesboro, VA Metro Area","Staunton-Waynesboro, VA Metro Area",118502,118496,118318,118775,118452,119137,119454,119995,120833,121999
0100000US,,United States,310M300US44700,44700,"United States - In metropolitan statistical area - Stockton-Lodi, CA Metro Area","Stockton-Lodi, CA Metro Area",685306,685308,687291,695071,700958,703747,713452,723846,734294,745424
0100000US,,United States,310M300US44940,44940,"United States - In metropolitan statistical area - Sumter, SC Metro Area","Sumter, SC Metro Area",107456,107463,107586,107291,107908,107784,107702,107276,107287,106847
0100000US,,United States,310M300US45060,45060,"United States - In metropolitan statistical area - Syracuse, NY Metro Area","Syracuse, NY Metro Area",662577,662625,663154,662770,661548,662958,661725,659850,656931,654841
0100000US,,United States,310M300US45220,45220,"United States - In metropolitan statistical area - Tallahassee, FL Metro Area","Tallahassee, FL Metro Area",367413,368770,369339,371194,375272,373212,375532,377947,379047,382627
0100000US,,United States,310M300US45300,45300,"United States - In metropolitan statistical area - Tampa-St. Petersburg-Clearwater, FL Metro Area","Tampa-St. Petersburg-Clearwater, FL Metro Area",2783243,2783469,2788500,2829142,2847187,2872530,2916839,2973756,3036525,3091399
0100000US,,United States,310M300US45460,45460,"United States - In metropolitan statistical area - Terre Haute, IN Metro Area","Terre Haute, IN Metro Area",172425,172420,172231,172396,172348,171767,170922,170334,170220,169965
0100000US,,United States,310M300US45500,45500,"United States - In metropolitan statistical area - Texarkana, TX-AR Metro Area","Texarkana, TX-AR Metro Area",149198,149195,149324,149602,149684,149653,149519,149739,150185,150355
0100000US,,United States,310M300US45540,45540,"United States - In metropolitan statistical area - The Villages, FL Metro Area","The Villages, FL Metro Area",93420,93420,94279,97976,101698,106942,112334,117210,122121,125165
0100000US,,United States,310M300US45780,45780,"United States - In metropolitan statistical area - Toledo, OH Metro Area","Toledo, OH Metro Area",610001,610002,610003,608736,607400,606981,606000,604781,604591,603668
0100000US,,United States,310M300US45820,45820,"United States - In metropolitan statistical area - Topeka, KS Metro Area","Topeka, KS Metro Area",233870,233866,234274,234648,234383,233812,233646,233345,232948,233149
0100000US,,United States,310M300US45940,45940,"United States - In metropolitan statistical area - Trenton, NJ Metro Area","Trenton, NJ Metro Area",366513,367517,367930,368201,370419,372337,372974,373104,373660,374733
0100000US,,United States,310M300US46060,46060,"United States - In metropolitan statistical area - Tucson, AZ Metro Area","Tucson, AZ Metro Area",980263,980260,981540,987297,991528,994759,1000916,1005323,1012519,1022769
0100000US,,United States,310M300US46140,46140,"United States - In metropolitan statistical area - Tulsa, OK Metro Area","Tulsa, OK Metro Area",937478,937531,939776,945261,952199,961738,969234,980208,987465,990706
0100000US,,United States,310M300US46220,46220,"United States - In metropolitan statistical area - Tuscaloosa, AL Metro Area","Tuscaloosa, AL Metro Area",230162,230170,230487,231411,233270,235302,238133,240267,241444,242799
0100000US,,United States,310M300US46340,46340,"United States - In metropolitan statistical area - Tyler, TX Metro Area","Tyler, TX Metro Area",209714,209721,210398,212653,214707,216426,219517,222410,225305,227727
0100000US,,United States,310M300US46520,46520,"United States - In metropolitan statistical area - Urban Honolulu, HI Metro Area","Urban Honolulu, HI Metro Area",953207,953209,956193,966514,976299,985734,989438,993716,992761,988650
0100000US,,United States,310M300US46540,46540,"United States - In metropolitan statistical area - Utica-Rome, NY Metro Area","Utica-Rome, NY Metro Area",299397,299348,299257,298724,298207,297672,296636,294702,293752,293572
0100000US,,United States,310M300US46660,46660,"United States - In metropolitan statistical area - Valdosta, GA Metro Area","Valdosta, GA Metro Area",139588,139666,140062,142058,144195,143003,143545,143428,144434,145437
0100000US,,United States,310M300US46700,46700,"United States - In metropolitan statistical area - Vallejo-Fairfield, CA Metro Area","Vallejo-Fairfield, CA Metro Area",413344,413344,414076,416652,420267,424384,429993,434751,440318,445458
0100000US,,United States,310M300US47020,47020,"United States - In metropolitan statistical area - Victoria, TX Metro Area","Victoria, TX Metro Area",94003,94003,94102,94738,96399,97509,98492,99592,99900,99646
0100000US,,United States,310M300US47220,47220,"United States - In metropolitan statistical area - Vineland-Bridgeton, NJ Metro Area","Vineland-Bridgeton, NJ Metro Area",156898,156628,156719,157108,157268,156571,156475,155261,153914,152538
0100000US,,United States,310M300US47260,47260,"United States - In metropolitan statistical area - Virginia Beach-Norfolk-Newport News, VA-NC Metro Area","Virginia Beach-Norfolk-Newport News, VA-NC Metro Area",1676822,1676817,1679945,1686564,1697398,1705320,1714857,1720356,1722766,1725246
0100000US,,United States,310M300US47300,47300,"United States - In metropolitan statistical area - Visalia-Porterville, CA Metro Area","Visalia-Porterville, CA Metro Area",442179,442178,443060,447358,450779,453663,456452,458601,460835,464493
0100000US,,United States,310M300US47380,47380,"United States - In metropolitan statistical area - Waco, TX Metro Area","Waco, TX Metro Area",252772,252768,253804,255676,256853,258646,260298,262598,264809,268696
0100000US,,United States,310M300US47460,47460,"United States - In metropolitan statistical area - Walla Walla, WA Metro Area","Walla Walla, WA Metro Area",62859,62859,63009,63439,63318,63380,63466,63855,63989,64614
0100000US,,United States,310M300US47580,47580,"United States - In metropolitan statistical area - Warner Robins, GA Metro Area","Warner Robins, GA Metro Area",179605,179605,180472,183502,185443,186394,187533,188044,190068,191779
0100000US,,United States,310M300US47900,47900,"United States - In metropolitan statistical area - Washington-Arlington-Alexandria, DC-VA-MD-WV Metro Area","Washington-Arlington-Alexandria, DC-VA-MD-WV Metro Area",5636232,5636361,5665818,5776337,5872227,5962606,6029537,6091560,6150681,6216589
0100000US,,United States,310M300US47940,47940,"United States - In metropolitan statistical area - Waterloo-Cedar Falls, IA Metro Area","Waterloo-Cedar Falls, IA Metro Area",167819,167819,167913,168325,168725,169697,170189,170602,169894,169892
0100000US,,United States,310M300US48060,48060,"United States - In metropolitan statistical area - Watertown-Fort Drum, NY Metro Area","Watertown-Fort Drum, NY Metro Area",116229,116232,116601,117806,121449,119219,119044,116301,114084,114187
0100000US,,United States,310M300US48140,48140,"United States - In metropolitan statistical area - Wausau, WI Metro Area","Wausau, WI Metro Area",134063,134063,134047,134353,134397,134928,135215,135394,135195,135732
0100000US,,United States,310M300US48260,48260,"United States - In metropolitan statistical area - Weirton-Steubenville, WV-OH Metro Area","Weirton-Steubenville, WV-OH Metro Area",124454,124455,124326,123449,122651,122110,121463,120621,119242,118250
0100000US,,United States,310M300US48300,48300,"United States - In metropolitan statistical area - Wenatchee, WA Metro Area","Wenatchee, WA Metro Area",110884,110895,111286,111915,112774,113234,113997,115662,117240,118478
0100000US,,United States,310M300US48540,48540,"United States - In metropolitan statistical area - Wheeling, WV-OH Metro Area","Wheeling, WV-OH Metro Area",147950,147951,147901,147213,146477,145894,144906,144077,142871,141254
0100000US,,United States,310M300US48620,48620,"United States - In metropolitan statistical area - Wichita, KS Metro Area","Wichita, KS Metro Area",630919,630924,631789,633118,636015,638177,640429,642782,644680,645628
0100000US,,United States,310M300US48660,48660,"United States - In metropolitan statistical area - Wichita Falls, TX Metro Area","Wichita Falls, TX Metro Area",151306,151476,151643,150276,150982,151380,151782,149979,150326,151230
0100000US,,United States,310M300US48700,48700,"United States - In metropolitan statistical area - Williamsport, PA Metro Area","Williamsport, PA Metro Area",116111,116108,116209,116671,117188,116577,116282,115580,114708,113841
0100000US,,United States,310M300US48900,48900,"United States - In metropolitan statistical area - Wilmington, NC Metro Area","Wilmington, NC Metro Area",254884,254881,255700,259242,262899,267870,272125,277197,282131,288156
0100000US,,United States,310M300US49020,49020,"United States - In metropolitan statistical area - Winchester, VA-WV Metro Area","Winchester, VA-WV Metro Area",128472,128475,128682,129977,130951,132330,133537,134213,135593,137887
0100000US,,United States,310M300US49180,49180,"United States - In metropolitan statistical area - Winston-Salem, NC Metro Area","Winston-Salem, NC Metro Area",640595,640554,641320,644663,647251,650449,653988,657101,661708,667733
0100000US,,United States,310M300US49340,49340,"United States - In metropolitan statistical area - Worcester, MA-CT Metro Area","Worcester, MA-CT Metro Area",916980,916802,918886,922380,924761,928480,932106,934835,936723,942475
0100000US,,United States,310M300US49420,49420,"United States - In metropolitan statistical area - Yakima, WA Metro Area","Yakima, WA Metro Area",243231,243237,244283,246050,246428,246809,247064,248006,249323,250193
0100000US,,United States,310M300US49620,49620,"United States - In metropolitan statistical area - York-Hanover, PA Metro Area","York-Hanover, PA Metro Area",434972,434998,435426,436702,437483,438926,440444,441822,443809,446078
0100000US,,United States,310M300US49660,49660,"United States - In metropolitan statistical area - Youngstown-Warren-Boardman, OH-PA Metro Area","Youngstown-Warren-Boardman, OH-PA Metro Area",565773,565799,564837,562271,558480,555758,553029,548846,544543,541926
0100000US,,United States,310M300US49700,49700,"United States - In metropolitan statistical area - Yuba City, CA Metro Area","Yuba City, CA Metro Area",166892,166889,167115,167071,167174,167861,168625,169725,171243,173679
0100000US,,United States,310M300US49740,49740,"United States - In metropolitan statistical area - Yuma, AZ Metro Area","Yuma, AZ Metro Area",195751,195750,197124,202581,202105,201810,203039,203558,205463,207534
0100000US,,United States,0400000US72,72,Puerto Rico,Puerto Rico,3725789,3726157,3721525,3678732,3634488,3593077,3534874,3473177,3406520,3337177
0100000US,,United States,04000C0US72,72,Puerto Rico - In metropolitan statistical area,In metropolitan statistical area,3567524,3567892,3563233,3521556,3478575,3438138,3381789,3322122,3257800,3190926
0100000US,,United States,310M300US10380,10380,"Puerto Rico - In metropolitan statistical area - Aguadilla-Isabela, PR Metro Area","Aguadilla-Isabela, PR Metro Area",339441,339465,338935,335104,330765,326663,321434,315575,309215,302615
0100000US,,United States,310M300US11640,11640,"Puerto Rico - In metropolitan statistical area - Arecibo, PR Metro Area","Arecibo, PR Metro Area",199471,199471,199220,197385,195505,194020,191132,188275,184987,181643
0100000US,,United States,310M300US25020,25020,"Puerto Rico - In metropolitan statistical area - Guayama, PR Metro Area","Guayama, PR Metro Area",84214,84196,84080,82827,81939,81445,80262,78980,77630,76166
0100000US,,United States,310M300US32420,32420,"Puerto Rico - In metropolitan statistical area - Mayagez, PR Metro Area","Mayagez, PR Metro Area",106330,106330,106043,104221,102327,100570,98315,96133,93873,91557
0100000US,,United States,310M300US38660,38660,"Puerto Rico - In metropolitan statistical area - Ponce, PR Metro Area","Ponce, PR Metro Area",350480,350384,349413,343424,337264,331586,324677,317000,309016,300843
0100000US,,United States,310M300US41900,41900,"Puerto Rico - In metropolitan statistical area - San Germn, PR Metro Area","San Germn, PR Metro Area",137462,137722,137645,136433,135215,133974,132227,130274,128264,126097
0100000US,,United States,310M300US41980,41980,"Puerto Rico - In metropolitan statistical area - San Juan-Carolina-Caguas, PR Metro Area","San Juan-Carolina-Caguas, PR Metro Area",2350126,2350324,2347897,2322162,2295560,2269880,2233742,2195885,2154815,2112005
